id,full_name,email,role,created_at
1,Allison Hill,donaldgarcia@example.net,member,2026-02-22 22:47:46
2,Javier Johnson,jesseguzman@example.net,member,2026-01-20 07:19:31
3,Meredith Barnes,zlawrence@example.org,admin,2026-01-16 12:01:59
4,Gina Moore,curtis61@example.com,member,2026-02-03 09:28:29
5,Renee Blair,dudleynicholas@example.net,member,2026-01-29 11:09:17
6,Lisa Hensley,janetwilliams@example.org,member,2026-01-29 02:19:22
7,Dr. Sharon James,xreid@example.org,member,2026-02-05 22:35:03
8,Michael Miles,lynchgeorge@example.net,member,2026-01-24 18:27:02
9,James Mayo,gabriellecameron@example.org,admin,2026-01-23 05:43:14
10,Renee Morales,clarksherri@example.net,member,2026-01-31 13:15:09
11,Jonathan Wilkerson,ithomas@example.org,member,2026-02-24 12:04:57
12,Nicole Patterson,icox@example.net,member,2026-02-17 21:58:30
13,Anthony Rodriguez,laurahenderson@example.org,member,2026-02-07 08:34:22
14,Zachary Rice,frazierdanny@example.net,member,2026-01-26 21:44:51
15,Gina Carter,shawnmckay@example.net,member,2026-01-26 13:44:27
16,Pamela Romero,harrellkenneth@example.net,member,2026-02-19 06:56:24
17,Brittany Farmer,georgetracy@example.org,admin,2026-02-05 05:48:23
18,Sandra Parker,allenashley@example.org,member,2026-01-09 07:35:13
19,Rose Spence,davidalvarez@example.net,admin,2026-01-17 00:46:25
20,Shane Henderson,sarahcampos@example.net,admin,2026-01-20 12:42:57
